{
    "Town10HD": {
        "min_x": -318.3769905055656,
        "min_y": -272.614841309421,
        "max_x": 313.72300949443445,
        "max_y": 344.985158690579
    }
}